C1_R,C1_L,C2_R,C2_L,C3_R,C3_L,C4_R,C4_L,C5_R,C5_L,C6_R,C6_L,C7_R,C7_L,C8_R,C8_L,T1_R,T1_L,T2_R,T2_L,T3_R,T3_L,T4_R,T4_L,T5_R,T5_L,T6_R,T6_L,T7_R,T7_L,T8_R,T8_L,T9_R,T9_L,T10_R,T10_L,T11_R,T11_L,T12_R,T12_L,T13_R,T13_L,L1_R,L1_L,L2_R,L2_L,L3_R,L3_L,L4_R,L4_L,L5_R,L5_L,L6_R,L6_L,S1_R,S1_L,S2_R,S2_L,S3_R,S3_L,S4_R,S4_L,Co1_R,Co1_L,Co2_R,Co2_L,Co3_R,Co3_L,Region_R,Region_L,Region_Total,Region_ID,Region_Acronym,Region_Name,Parent_ID,Parent_Acronym
0,0,0.000,0.000,0.000,0.000,0.000,0.000,0.000,0.000,0.000,0.000,0.000,0.000,0.000,0.000,0.000,0.000,0.000,0.000,0.000,0.000,0.000,0.000,0.000,0.000,0.000,0.000,0.000,0.000,0.000,0.000,0.000,0.000,0,0,0,0,0,0,0,0,0,0.000,0,0,0,0,0,0,0,0,0,0,0,0,0,0,0,0,0,0,0,0,0,0,0,0,0.000,0.000,0.000,1,1Sp,Lamina 1,90,DH
0,0,0.000,0.000,0.000,0.000,0.000,0.000,0.000,0.000,0.000,0.000,0.000,0.000,0.000,0.000,0.000,0.000,0.000,0.000,0.000,0.000,0.000,0.000,0.000,0.000,0.000,0.000,0.000,0.000,0.000,0.000,0.000,0.000,0,0,0,0,0,0,0,0,0,0.000,0,0,0,0,0,0,0,0,0,0,0,0,0,0,0,0,0,0,0,0,0,0,0,0,0.000,0.000,0.000,2,2Ssp,Lamina 2 Outer part,90,DH
0,0,0.000,0.000,0.000,0.000,0.000,0.000,0.000,0.000,0.000,0.000,0.000,0.000,0.000,0.000,0.000,0.000,0.000,0.000,0.000,0.000,0.000,0.000,0.000,0.000,0.000,0.000,0.000,0.000,0.000,0.000,0.000,0.000,0,0,0,0,0,0,0,0,0,0.000,0,0,0,0,0,0,0,0,0,0,0,0,0,0,0,0,0,0,0,0,0,0,0,0,0.000,0.000,0.000,3,2Spl,Lamina 2 Inner part,90,DH
0,0,0.000,0.000,0.000,0.000,0.000,0.000,0.000,0.000,0.000,0.000,0.000,0.000,0.000,0.000,0.000,0.000,0.000,0.000,0.000,0.000,0.000,0.000,0.000,0.000,0.000,0.000,0.000,0.000,0.000,0.000,0.000,0.000,0,0,0,0,0,0,0,0,0,0.000,0,0,0,0,0,0,0,0,0,0,0,0,0,0,0,0,0,0,0,0,0,0,0,0,0.000,0.000,0.000,4,3Sp,Lamina 3,90,DH
0,0,0.000,0.004,0.505,3.365,0.711,5.952,0.067,3.996,0.127,1.543,0.000,2.470,0.115,4.591,0.433,0.989,0.059,0.384,0.114,0.540,0.004,1.154,0.029,0.983,0.321,1.109,0.022,0.052,0.247,0.127,0.046,0.000,0,0,0,0,0,0,0,0,0,0.000,0,0,0,0,0,0,0,0,0,0,0,0,0,0,0,0,0,0,0,0,0,0,0,0,0.086,1.050,0.571,5,4Sp,Lamina 4,90,DH
0,0,0.000,0.000,0.000,0.619,0.000,12.110,0.000,0.000,0.000,0.170,0.000,0.000,0.000,0.000,0.000,0.000,0.000,0.000,0.000,0.000,0.000,0.000,0.000,0.000,0.000,0.000,0.000,0.000,0.000,0.000,0.000,0.000,0,0,0,0,0,0,0,0,0,0.000,0,0,0,0,0,0,0,0,0,0,0,0,0,0,0,0,0,0,0,0,0,0,0,0,0.000,1.742,0.908,6,IB,Internal basilar nucleus_4Sp,90,DH
0,0,0.000,0.000,0.000,0.000,0.000,0.000,0.000,0.000,0.000,0.000,0.000,0.000,0.000,0.000,0.000,0.000,0.000,0.000,0.000,0.000,0.000,0.000,0.000,0.000,0.000,0.000,0.000,0.000,0.000,0.000,0.000,0.000,0,0,0,0,0,0,0,0,0,0.000,0,0,0,0,0,0,0,0,0,0,0,0,0,0,0,0,0,0,0,0,0,0,0,0,0.000,0.000,0.000,7,5Sp,Lamina 5,90,DH
0,0,0.000,0.000,0.000,0.078,0.000,0.000,0.000,0.000,0.000,0.000,0.000,0.000,0.000,0.000,0.000,0.000,0.000,0.000,0.000,0.000,0.000,0.000,0.000,0.000,0.000,0.000,0.000,0.000,0.000,0.000,0.000,0.000,0,0,0,0,0,0,0,0,0,0.000,0,0,0,0,0,0,0,0,0,0,0,0,0,0,0,0,0,0,0,0,0,0,0,0,0.000,0.003,0.002,8,5SpL,Lamina 5 Lateral part,90,DH
0,0,0.000,0.000,0.000,1.891,0.026,1.946,0.000,0.599,0.000,0.000,0.000,0.387,0.000,1.182,0.000,0.052,0.000,0.000,0.000,0.000,0.000,0.000,0.000,0.000,0.000,0.036,0.000,0.000,0.000,0.000,0.000,0.000,0,0,0,0,0,0,0,0,0,0.000,0,0,0,0,0,0,0,0,0,0,0,0,0,0,0,0,0,0,0,0,0,0,0,0,0.001,0.316,0.162,9,5SpM,Lamina 5 Medial part,90,DH
0,0,0.000,0.000,0.000,0.000,0.000,0.000,0.000,0.000,0.000,0.000,0.000,0.000,0.000,0.000,0.000,0.032,0.000,0.000,0.000,0.141,0.000,3.377,0.000,0.140,0.000,2.187,0.033,5.458,0.237,0.036,0.000,0.000,0,0,0,0,0,0,0,0,0,0.000,0,0,0,0,0,0,0,0,0,0,0,0,0,0,0,0,0,0,0,0,0,0,0,0,0.014,0.651,0.343,10,D,Dorsal nucleus (Clarke)_5Sp,90,DH
0,0,0.000,0.000,0.000,0.000,0.000,0.000,0.000,0.508,0.000,0.000,0.000,0.000,0.000,0.000,0.035,0.518,0.000,0.000,0.000,0.000,0.000,0.000,0.000,0.000,0.000,0.000,0.000,0.000,0.000,0.000,0.000,0.000,0,0,0,0,0,0,0,0,0,0.000,0,0,0,0,0,0,0,0,0,0,0,0,0,0,0,0,0,0,0,0,0,0,0,0,0.004,0.174,0.095,11,6Sp,Lamina 6,90,DH
0,0,0.000,0.000,0.000,0.000,0.000,0.000,0.000,0.000,0.000,0.000,0.000,0.000,0.000,0.000,0.000,0.000,0.000,0.000,0.000,0.000,0.000,0.000,0.000,0.000,0.000,0.000,0.000,0.000,0.000,0.000,0.000,0.000,0,0,0,0,0,0,0,0,0,0.000,0,0,0,0,0,0,0,0,0,0,0,0,0,0,0,0,0,0,0,0,0,0,0,0,0.000,0.000,0.000,12,6SpL,Lamina 6 Lateral part,90,DH
0,0,0.000,0.000,0.000,0.000,0.000,0.000,0.000,0.000,0.000,0.000,0.000,0.000,0.000,0.000,0.000,0.000,0.000,0.000,0.000,0.000,0.000,0.000,0.000,0.000,0.000,0.000,0.000,0.000,0.000,0.000,0.000,0.000,0,0,0,0,0,0,0,0,0,0.000,0,0,0,0,0,0,0,0,0,0,0,0,0,0,0,0,0,0,0,0,0,0,0,0,0.000,0.000,0.000,13,6SpM,Lamina 6 Medial part,90,DH
0,0,0.000,0.000,0.243,1.962,0.959,1.827,0.025,0.697,0.662,0.014,0.000,0.158,0.053,1.315,1.719,4.183,0.000,0.522,0.267,1.063,0.000,0.000,0.012,0.025,0.780,3.554,0.045,1.263,0.857,0.783,0.000,0.000,0,0,0,0,0,0,0,0,0,0.000,0,0,0,0,0,0,0,0,0,0,0,0,0,0,0,0,0,0,0,0,0,0,0,0,0.175,0.641,0.409,14,10Sp,Lamina 10,100,C
0,0,0.000,0.000,0.000,0.000,0.000,0.000,0.000,0.000,0.000,0.000,0.000,0.000,0.000,0.000,0.000,0.000,0.000,0.000,0.000,0.000,0.000,0.000,0.000,0.000,0.000,0.000,0.000,0.000,0.000,0.000,0.000,0.000,0,0,0,0,0,0,0,0,0,0.000,0,0,0,0,0,0,0,0,0,0,0,0,0,0,0,0,0,0,0,0,0,0,0,0,0.000,0.000,0.000,15,LDCom,Lumbar dorsal commissural ,100,C
0,0,0.000,0.000,0.000,0.000,0.000,0.000,0.000,0.000,2.946,0.714,0.000,0.000,0.000,0.000,1.486,2.374,0.000,0.000,0.000,0.000,0.000,0.000,0.000,0.000,0.000,0.000,0.000,0.000,0.000,0.000,0.000,0.000,0,0,0,0,0,0,0,0,0,0.000,0,0,0,0,0,0,0,0,0,0,0,0,0,0,0,0,0,0,0,0,0,0,0,0,0.117,0.083,0.100,16,CC,Central Canal,100,C
0,0,0.000,0.000,0.000,0.000,0.000,0.000,0.000,0.000,0.000,0.000,0.000,0.000,0.000,0.000,0.000,0.000,0.000,0.000,0.000,0.000,0.000,0.000,0.000,0.000,0.000,0.000,0.000,0.000,0.000,0.000,0.000,0.000,0,0,0,0,0,0,0,0,0,0.000,0,0,0,0,0,0,0,0,0,0,0,0,0,0,0,0,0,0,0,0,0,0,0,0,0.000,0.000,0.000,17,SDCom,Sacral dorsal commissural nucleu,100,C
0,0,0.000,0.000,0.000,0.009,0.000,0.000,0.000,0.000,0.000,0.000,0.000,0.000,0.000,0.000,0.000,0.074,0.000,0.004,0.000,0.012,0.000,0.000,0.000,0.000,0.000,0.077,0.000,0.002,0.000,0.000,0.000,0.000,0,0,0,0,0,0,0,0,0,0.048,0,0,0,0,0,0,0,0,0,0,0,0,0,0,0,0,0,0,0,0,0,0,0,0,0.000,0.006,0.003,18,7Sp,Lamina 7,110,VH
0,0,0.000,0.000,0.000,0.441,0.000,0.000,0.000,0.199,0.000,0.000,0.000,0.000,0.000,0.000,0.000,0.000,0.000,0.000,0.000,0.000,0.000,0.000,0.000,0.000,0.000,0.000,0.000,0.000,0.000,0.000,0.000,0.000,0,0,0,0,0,0,0,0,0,0.000,0,0,0,0,0,0,0,0,0,0,0,0,0,0,0,0,0,0,0,0,0,0,0,0,0.000,0.178,0.090,19,CeCv,Central cervical nucleus,110,VH
0,0,0.000,0.000,0.000,0.000,0.000,0.000,0.000,0.000,0.000,0.000,0.000,0.000,0.000,0.000,0.000,0.000,0.000,0.015,0.000,0.000,0.000,0.000,0.000,0.000,0.000,0.000,0.000,0.000,0.000,0.000,0.000,0.000,0,0,0,0,0,0,0,0,0,0.000,0,0,0,0,0,0,0,0,0,0,0,0,0,0,0,0,0,0,0,0,0,0,0,0,0.000,0.003,0.001,20,ICl,Intercalated nucleus,110,VH
0,0,0.000,0.000,0.000,0.000,0.000,0.000,0.000,0.000,0.000,0.000,0.000,0.000,0.000,0.000,0.000,0.000,0.000,0.000,0.000,0.000,0.000,0.000,0.000,0.000,0.000,0.000,0.000,0.000,0.000,0.000,0.000,0.000,0,0,0,0,0,0,0,0,0,0.000,0,0,0,0,0,0,0,0,0,0,0,0,0,0,0,0,0,0,0,0,0,0,0,0,0.000,0.000,0.000,21,IML,Intermediolateral column,110,VH
0,0,0.000,0.000,0.000,52.572,0.000,0.000,0.000,31.050,0.000,0.000,0.000,0.000,0.000,0.000,0.000,0.000,0.000,0.000,0.000,0.000,0.000,0.000,0.000,0.000,0.000,0.000,0.000,0.000,0.000,0.000,0.000,0.000,0,0,0,0,0,0,0,0,0,0.000,0,0,0,0,0,0,0,0,0,0,0,0,0,0,0,0,0,0,0,0,0,0,0,0,0.000,43.679,24.812,224,IMM4,Intermediomedial column lamina 4,22,IMM
0,0,0.000,0.000,0.000,20.793,0.000,8.308,0.000,11.986,0.000,0.000,0.000,0.400,0.000,0.000,0.000,0.000,0.000,0.000,0.000,0.000,0.000,0.000,0.000,0.000,0.000,0.000,0.000,0.000,0.000,0.000,0.000,0.000,0,0,0,0,0,0,0,0,0,0.000,0,0,0,0,0,0,0,0,0,0,0,0,0,0,0,0,0,0,0,0,0,0,0,0,0.000,9.340,4.721,225,IMM5,Intermediomedial column lamina 5,22,IMM
0,0,0.000,0.000,0.000,0.000,0.000,0.000,0.000,0.000,0.000,0.000,0.000,0.000,0.000,0.034,0.000,0.000,0.000,0.000,0.000,0.000,0.000,0.000,0.000,0.000,0.000,0.000,0.000,0.000,0.000,0.000,0.000,0.000,0,0,0,0,0,0,0,0,0,0.000,0,0,0,0,0,0,0,0,0,0,0,0,0,0,0,0,0,0,0,0,0,0,0,0,0.000,0.019,0.009,226,IMM6,Intermediomedial column lamina 6,22,IMM
0,0,0.000,0.000,0.000,0.000,0.000,0.000,0.000,0.000,0.000,0.000,0.000,0.000,0.000,0.000,0.000,1.157,0.000,0.000,0.000,0.000,0.000,0.000,0.000,0.000,0.000,0.000,0.000,0.000,0.000,0.000,0.000,0.000,0,0,0,0,0,0,0,0,0,0.000,0,0,0,0,0,0,0,0,0,0,0,0,0,0,0,0,0,0,0,0,0,0,0,0,0.000,0.092,0.047,227,IMM7,Intermediomedial column lamina 7,22,IMM
0,0,0.000,0.000,0.000,0.000,0.000,0.000,0.000,0.000,0.344,0.000,0.000,0.000,0.000,0.185,0.000,0.000,0.000,0.000,0.000,0.000,0.000,0.000,0.000,0.000,0.000,0.000,0.000,0.000,0.000,0.000,0.000,0.000,0,0,0,0,0,0,0,0,0,0.000,0,0,0,0,0,0,0,0,0,0,0,0,0,0,0,0,0,0,0,0,0,0,0,0,0.026,0.009,0.018,228,IMM10,Intermediomedial column lamina 10,22,IMM
0,0,0.000,0.000,0.000,0.000,0.000,0.000,0.000,0.000,0.000,0.000,0.000,0.000,0.000,0.000,0.000,0.000,0.000,0.000,0.000,0.000,0.000,0.000,0.000,0.000,0.000,0.000,0.000,0.000,0.000,0.000,0.000,0.000,0,0,0,0,0,0,0,0,0,0.000,0,0,0,0,0,0,0,0,0,0,0,0,0,0,0,0,0,0,0,0,0,0,0,0,0.000,0.000,0.000,23,LPrCb,Lumbar precerebellar nucleus,110,VH
0,0,0.000,0.000,0.000,0.000,0.000,0.000,0.000,0.000,0.000,0.000,0.000,0.000,0.000,0.000,0.000,0.000,0.000,0.000,0.000,0.000,0.000,0.000,0.000,0.000,0.000,0.000,0.000,0.000,0.000,0.000,0.000,0.000,0,0,0,0,0,0,0,0,0,0.000,0,0,0,0,0,0,0,0,0,0,0,0,0,0,0,0,0,0,0,0,0,0,0,0,0.000,0.000,0.000,24,SPrCb,Sacral precerebellar nucleus,110,VH
0,0,0.000,0.000,0.000,0.000,0.000,0.000,0.000,0.000,0.000,0.000,0.000,0.000,0.000,0.000,0.000,0.000,0.000,0.000,0.000,0.000,0.000,0.000,0.000,0.000,0.000,0.000,0.000,0.000,0.000,0.000,0.000,0.000,0,0,0,0,0,0,0,0,0,0.000,0,0,0,0,0,0,0,0,0,0,0,0,0,0,0,0,0,0,0,0,0,0,0,0,0.000,0.000,0.000,25,SPSy,Sacral parasympathetic nucleus,110,VH
0,0,0.000,0.000,0.000,0.000,0.000,0.000,0.000,0.000,0.000,0.000,0.000,0.000,0.000,0.000,0.000,0.000,0.000,0.000,0.000,0.000,0.000,0.000,0.000,0.000,0.000,0.000,0.000,0.000,0.000,0.000,0.000,0.000,0,0,0,0,0,0,0,0,0,0.000,0,0,0,0,0,0,0,0,0,0,0,0,0,0,0,0,0,0,0,0,0,0,0,0,0.000,0.000,0.000,26,8Sp,Lamina 8,110,VH
0,0,0.000,0.000,0.000,0.000,0.000,0.000,0.000,0.000,0.000,0.000,0.000,0.000,0.000,0.000,0.000,0.000,0.000,0.000,0.000,0.000,0.000,0.000,0.000,0.000,0.000,0.000,0.000,0.000,0.000,0.000,0.000,0.000,0,0,0,0,0,0,0,0,0,0.000,0,0,0,0,0,0,0,0,0,0,0,0,0,0,0,0,0,0,0,0,0,0,0,0,0.000,0.000,0.000,28,Ad9,Adductor motorneurons of lamina 9,120,MN
0,0,0.000,0.000,0.000,0.000,0.000,0.000,0.000,0.000,0.000,0.000,0.000,0.000,0.000,0.000,0.000,0.000,0.000,0.000,0.000,0.000,0.000,0.000,0.000,0.000,0.000,0.000,0.000,0.000,0.000,0.000,0.000,0.000,0,0,0,0,0,0,0,0,0,0.000,0,0,0,0,0,0,0,0,0,0,0,0,0,0,0,0,0,0,0,0,0,0,0,0,0.000,0.000,0.000,29,Ax9,Axial muscle motorneurons of lamina 9,120,MN
0,0,0.000,0.000,0.000,0.000,0.000,0.000,0.000,0.000,0.000,0.000,0.000,0.000,0.000,0.000,0.000,0.000,0.000,0.000,0.000,0.000,0.000,0.000,0.000,0.000,0.000,0.000,0.000,0.000,0.000,0.000,0.000,0.000,0,0,0,0,0,0,0,0,0,0.000,0,0,0,0,0,0,0,0,0,0,0,0,0,0,0,0,0,0,0,0,0,0,0,0,0.000,0.000,0.000,30,Bi9,Biceps motorneurons of lamina 9,120,MN
0,0,0.000,0.000,0.000,0.000,0.000,0.000,0.000,0.000,0.000,0.000,0.000,0.000,0.000,0.000,0.000,0.000,0.000,0.000,0.000,0.000,0.000,0.000,0.000,0.000,0.000,0.000,0.000,0.000,0.000,0.000,0.000,0.000,0,0,0,0,0,0,0,0,0,0.000,0,0,0,0,0,0,0,0,0,0,0,0,0,0,0,0,0,0,0,0,0,0,0,0,0.000,0.000,0.000,31,CEx9,Crural extensor motoneurons of lamina 9,120,MN
0,0,0.000,0.000,0.000,0.000,0.000,0.000,0.000,0.000,0.000,0.000,0.000,0.000,0.000,0.000,0.000,0.000,0.000,0.000,0.000,0.000,0.000,0.000,0.000,0.000,0.000,0.000,0.000,0.000,0.000,0.000,0.000,0.000,0,0,0,0,0,0,0,0,0,0.000,0,0,0,0,0,0,0,0,0,0,0,0,0,0,0,0,0,0,0,0,0,0,0,0,0.000,0.000,0.000,32,CFl9,Crural flexor motoneurons of lamina 9,120,MN
0,0,0.000,0.000,0.000,0.000,0.000,0.000,0.000,0.000,0.000,0.000,0.000,0.000,0.000,0.000,0.000,0.000,0.000,0.000,0.000,0.000,0.000,0.000,0.000,0.000,0.000,0.000,0.000,0.000,0.000,0.000,0.000,0.000,0,0,0,0,0,0,0,0,0,0.000,0,0,0,0,0,0,0,0,0,0,0,0,0,0,0,0,0,0,0,0,0,0,0,0,0.000,0.000,0.000,33,Cr9,Cremaster motoneurons of lamina 9,120,MN
0,0,0.000,0.000,0.000,0.000,0.000,0.000,0.000,0.000,0.000,0.000,0.000,0.000,0.000,0.000,0.000,0.000,0.000,0.000,0.000,0.000,0.000,0.000,0.000,0.000,0.000,0.000,0.000,0.000,0.000,0.000,0.000,0.000,0,0,0,0,0,0,0,0,0,0.000,0,0,0,0,0,0,0,0,0,0,0,0,0,0,0,0,0,0,0,0,0,0,0,0,0.000,0.000,0.000,34,De9,Deltoid motoneurons of lamina 9,120,MN
0,0,0.000,0.000,0.000,0.000,0.000,0.000,0.000,0.000,0.000,0.000,0.000,0.000,0.000,0.000,0.000,0.000,0.000,0.000,0.000,0.000,0.000,0.000,0.000,0.000,0.000,0.000,0.000,0.000,0.000,0.000,0.000,0.000,0,0,0,0,0,0,0,0,0,0.000,0,0,0,0,0,0,0,0,0,0,0,0,0,0,0,0,0,0,0,0,0,0,0,0,0.000,0.000,0.000,35,ExA9,External anal sphincter motoneurons of lamina 9,120,MN
0,0,0.000,0.000,0.000,0.000,0.000,0.000,0.000,0.000,0.000,0.000,0.000,0.000,0.000,0.000,0.000,0.000,0.000,0.000,0.000,0.000,0.000,0.000,0.000,0.000,0.000,0.000,0.000,0.000,0.000,0.000,0.000,0.000,0,0,0,0,0,0,0,0,0,0.000,0,0,0,0,0,0,0,0,0,0,0,0,0,0,0,0,0,0,0,0,0,0,0,0,0.000,0.000,0.000,36,ExU9,External urethral sphincter motoneurons of lamina 9,120,MN
0,0,0.000,0.000,0.000,0.000,0.000,0.000,0.000,0.000,0.000,0.000,0.000,0.000,0.000,0.000,0.000,0.000,0.000,0.000,0.000,0.000,0.000,0.000,0.000,0.000,0.000,0.000,0.000,0.000,0.000,0.000,0.000,0.000,0,0,0,0,0,0,0,0,0,0.000,0,0,0,0,0,0,0,0,0,0,0,0,0,0,0,0,0,0,0,0,0,0,0,0,0.000,0.000,0.000,37,FEx9,Forearm extensor motorneurons of lamina 9,120,MN
0,0,0.000,0.000,0.000,0.000,0.000,0.000,0.000,0.000,0.000,0.000,0.000,0.000,0.000,0.000,0.000,0.000,0.000,0.000,0.000,0.000,0.000,0.000,0.000,0.000,0.000,0.000,0.000,0.000,0.000,0.000,0.000,0.000,0,0,0,0,0,0,0,0,0,0.000,0,0,0,0,0,0,0,0,0,0,0,0,0,0,0,0,0,0,0,0,0,0,0,0,0.000,0.000,0.000,38,FFl9,Forearm flexor motoneurons of lamina 9,120,MN
0,0,0.000,0.000,0.000,0.000,0.000,0.000,0.000,0.000,0.000,0.000,0.000,0.000,0.000,0.000,0.000,0.000,0.000,0.000,0.000,0.000,0.000,0.000,0.000,0.000,0.000,0.000,0.000,0.000,0.000,0.000,0.000,0.000,0,0,0,0,0,0,0,0,0,0.000,0,0,0,0,0,0,0,0,0,0,0,0,0,0,0,0,0,0,0,0,0,0,0,0,0.000,0.000,0.000,39,Gl9,Gluteal motoneurons of lamina 9,120,MN
0,0,0.000,0.000,0.000,0.000,0.000,0.000,0.000,0.000,0.000,0.000,0.000,0.000,0.000,0.000,0.000,0.000,0.000,0.000,0.000,0.000,0.000,0.000,0.000,0.000,0.000,0.000,0.000,0.000,0.000,0.000,0.000,0.000,0,0,0,0,0,0,0,0,0,0.000,0,0,0,0,0,0,0,0,0,0,0,0,0,0,0,0,0,0,0,0,0,0,0,0,0.000,0.000,0.000,40,Hm9,Hamstring motoneurons of lamina 9,120,MN
0,0,0.000,0.000,0.000,0.000,0.000,0.000,0.000,0.000,0.000,0.000,0.000,0.000,0.000,0.000,0.000,0.000,0.000,0.000,0.000,0.000,0.000,0.000,0.000,0.000,0.000,0.000,0.000,0.000,0.000,0.000,0.000,0.000,0,0,0,0,0,0,0,0,0,0.000,0,0,0,0,0,0,0,0,0,0,0,0,0,0,0,0,0,0,0,0,0,0,0,0,0.000,0.000,0.000,41,ICo9,Intercostal muscle motoneurons of lamina 9,120,MN
0,0,0.000,0.000,0.000,0.000,0.000,0.000,0.000,0.000,0.000,0.000,0.000,0.000,0.000,0.000,0.000,0.000,0.000,0.000,0.000,0.000,0.000,0.000,0.000,0.000,0.000,0.000,0.000,0.000,0.000,0.000,0.000,0.000,0,0,0,0,0,0,0,0,0,0.000,0,0,0,0,0,0,0,0,0,0,0,0,0,0,0,0,0,0,0,0,0,0,0,0,0.000,0.000,0.000,42,IH9,Infrahyoid muscle motoneurons of lamina 9,120,MN
0,0,0.000,0.000,0.000,0.000,0.000,0.000,0.000,0.000,0.000,0.000,0.000,0.000,0.000,0.000,0.000,0.000,0.000,0.000,0.000,0.000,0.000,0.000,0.000,0.000,0.000,0.000,0.000,0.000,0.000,0.000,0.000,0.000,0,0,0,0,0,0,0,0,0,0.000,0,0,0,0,0,0,0,0,0,0,0,0,0,0,0,0,0,0,0,0,0,0,0,0,0.000,0.000,0.000,43,LD9,Latissimus dorsi motoneurons of lamina 9,120,MN
0,0,0.000,0.000,0.000,0.000,0.000,0.000,0.000,0.000,0.000,0.000,0.000,0.000,0.000,0.000,0.000,0.000,0.000,0.000,0.000,0.000,0.000,0.000,0.000,0.000,0.000,0.000,0.000,0.000,0.000,0.000,0.000,0.000,0,0,0,0,0,0,0,0,0,0.000,0,0,0,0,0,0,0,0,0,0,0,0,0,0,0,0,0,0,0,0,0,0,0,0,0.000,0.000,0.000,44,LS9,Levator scapulae motoneurons of lamina 9,120,MN
0,0,0.000,0.000,0.000,0.000,0.000,0.000,0.000,0.000,0.000,0.000,0.000,0.000,0.000,0.000,0.000,0.000,0.000,0.000,0.000,0.000,0.000,0.000,0.000,0.000,0.000,0.000,0.000,0.000,0.000,0.000,0.000,0.000,0,0,0,0,0,0,0,0,0,0.000,0,0,0,0,0,0,0,0,0,0,0,0,0,0,0,0,0,0,0,0,0,0,0,0,0.000,0.000,0.000,45,Man9,Manus motoneurons of lamina 9,120,MN
0,0,0.000,0.000,0.000,0.000,0.000,0.000,0.000,0.000,0.000,0.000,0.000,0.000,0.000,0.000,0.000,0.000,0.000,0.000,0.000,0.000,0.000,0.000,0.000,0.000,0.000,0.000,0.000,0.000,0.000,0.000,0.000,0.000,0,0,0,0,0,0,0,0,0,0.000,0,0,0,0,0,0,0,0,0,0,0,0,0,0,0,0,0,0,0,0,0,0,0,0,0.000,0.000,0.000,46,Pec9,Pectoral muscle motoneurons of lamina 9,120,MN
0,0,0.000,0.000,0.000,0.000,0.000,0.000,0.000,0.000,0.000,0.000,0.000,0.000,0.000,0.000,0.000,0.000,0.000,0.000,0.000,0.000,0.000,0.000,0.000,0.000,0.000,0.000,0.000,0.000,0.000,0.000,0.000,0.000,0,0,0,0,0,0,0,0,0,0.000,0,0,0,0,0,0,0,0,0,0,0,0,0,0,0,0,0,0,0,0,0,0,0,0,0.000,0.000,0.000,47,Pes9,Pes motoneurons of lamina 9,120,MN
0,0,0.000,0.000,0.000,0.000,0.000,0.000,0.000,0.000,0.000,0.000,0.000,0.000,0.000,0.000,0.000,0.000,0.000,0.000,0.000,0.000,0.000,0.000,0.000,0.000,0.000,0.000,0.000,0.000,0.000,0.000,0.000,0.000,0,0,0,0,0,0,0,0,0,0.000,0,0,0,0,0,0,0,0,0,0,0,0,0,0,0,0,0,0,0,0,0,0,0,0,0.000,0.000,0.000,48,Ph9,Phrenic motoneurons of lamina 9,120,MN
0,0,0.000,0.000,0.000,0.000,0.000,0.000,0.000,0.000,0.000,0.000,0.000,0.000,0.000,0.000,0.000,0.000,0.000,0.000,0.000,0.000,0.000,0.000,0.000,0.000,0.000,0.000,0.000,0.000,0.000,0.000,0.000,0.000,0,0,0,0,0,0,0,0,0,0.000,0,0,0,0,0,0,0,0,0,0,0,0,0,0,0,0,0,0,0,0,0,0,0,0,0.000,0.000,0.000,49,Ps9,Psoas motoneurons of lamina 9,120,MN
0,0,0.000,0.000,0.000,0.000,0.000,0.000,0.000,0.000,0.000,0.000,0.000,0.000,0.000,0.000,0.000,0.000,0.000,0.000,0.000,0.000,0.000,0.000,0.000,0.000,0.000,0.000,0.000,0.000,0.000,0.000,0.000,0.000,0,0,0,0,0,0,0,0,0,0.000,0,0,0,0,0,0,0,0,0,0,0,0,0,0,0,0,0,0,0,0,0,0,0,0,0.000,0.000,0.000,50,Q9,Quadriceps motoneurons of lamina 9,120,MN
0,0,0.000,0.000,0.000,0.000,0.000,0.000,0.000,0.000,0.000,0.000,0.000,0.000,0.000,0.000,0.000,0.000,0.000,0.000,0.000,0.000,0.000,0.000,0.000,0.000,0.000,0.000,0.000,0.000,0.000,0.000,0.000,0.000,0,0,0,0,0,0,0,0,0,0.000,0,0,0,0,0,0,0,0,0,0,0,0,0,0,0,0,0,0,0,0,0,0,0,0,0.000,0.000,0.000,51,QL9,Quadratus lumborum motoneurons of lamina 9,120,MN
0,0,0.000,0.000,0.000,0.000,0.000,0.000,0.000,0.000,0.000,0.000,0.000,0.000,0.000,0.000,0.000,0.000,0.000,0.000,0.000,0.000,0.000,0.000,0.000,0.000,0.000,0.000,0.000,0.000,0.000,0.000,0.000,0.000,0,0,0,0,0,0,0,0,0,0.000,0,0,0,0,0,0,0,0,0,0,0,0,0,0,0,0,0,0,0,0,0,0,0,0,0.000,0.000,0.000,52,Rh9,Rhomboid muscle motoneurons of lamina 9,120,MN
0,0,0.000,0.000,0.000,0.000,0.000,0.000,0.000,0.000,0.000,0.000,0.000,0.000,0.000,0.000,0.000,0.000,0.000,0.000,0.000,0.000,0.000,0.000,0.000,0.000,0.000,0.000,0.000,0.000,0.000,0.000,0.000,0.000,0,0,0,0,0,0,0,0,0,0.000,0,0,0,0,0,0,0,0,0,0,0,0,0,0,0,0,0,0,0,0,0,0,0,0,0.000,0.000,0.000,53,SI9,Supraspinatus and infraspinatus motoneurons of lamina 9,120,MN
0,0,0.000,0.000,0.000,0.000,0.000,0.000,0.000,0.000,0.000,0.000,0.000,0.000,0.000,0.000,0.000,0.000,0.000,0.000,0.000,0.000,0.000,0.000,0.000,0.000,0.000,0.000,0.000,0.000,0.000,0.000,0.000,0.000,0,0,0,0,0,0,0,0,0,0.000,0,0,0,0,0,0,0,0,0,0,0,0,0,0,0,0,0,0,0,0,0,0,0,0,0.000,0.000,0.000,54,SM9,Sternomastoid motoneurons of lamina 9,120,MN
0,0,0.000,0.000,0.000,0.000,0.000,0.000,0.000,0.000,0.000,0.000,0.000,0.000,0.000,0.000,0.000,0.000,0.000,0.000,0.000,0.000,0.000,0.000,0.000,0.000,0.000,0.000,0.000,0.000,0.000,0.000,0.000,0.000,0,0,0,0,0,0,0,0,0,0.000,0,0,0,0,0,0,0,0,0,0,0,0,0,0,0,0,0,0,0,0,0,0,0,0,0.000,0.000,0.000,55,Sr9,Serratus anterior motoneurons in lamina 9,120,MN
0,0,0.000,0.000,0.000,0.000,0.000,0.000,0.000,0.000,0.000,0.000,0.000,0.000,0.000,0.000,0.000,0.000,0.000,0.000,0.000,0.000,0.000,0.000,0.000,0.000,0.000,0.000,0.000,0.000,0.000,0.000,0.000,0.000,0,0,0,0,0,0,0,0,0,0.000,0,0,0,0,0,0,0,0,0,0,0,0,0,0,0,0,0,0,0,0,0,0,0,0,0.000,0.000,0.000,56,Tail9,Tail muscle motoneurons of lamina 9,120,MN
0,0,0.000,0.000,0.000,0.000,0.000,0.000,0.000,0.000,0.000,0.000,0.000,0.000,0.000,0.000,0.000,0.000,0.000,0.000,0.000,0.000,0.000,0.000,0.000,0.000,0.000,0.000,0.000,0.000,0.000,0.000,0.000,0.000,0,0,0,0,0,0,0,0,0,0.000,0,0,0,0,0,0,0,0,0,0,0,0,0,0,0,0,0,0,0,0,0,0,0,0,0.000,0.000,0.000,57,ThAb9,Thoracoabdominal wall muscle motoneurons of lamina 9,120,MN
0,0,0.000,0.000,0.000,0.000,0.000,0.000,0.000,0.000,0.000,0.000,0.000,0.000,0.000,0.000,0.000,0.000,0.000,0.000,0.000,0.000,0.000,0.000,0.000,0.000,0.000,0.000,0.000,0.000,0.000,0.000,0.000,0.000,0,0,0,0,0,0,0,0,0,0.000,0,0,0,0,0,0,0,0,0,0,0,0,0,0,0,0,0,0,0,0,0,0,0,0,0.000,0.000,0.000,58,Tr9,Triceps motoneurons of lamina 9,120,MN
0,0,0.000,0.000,0.000,0.000,0.000,0.000,0.000,0.000,0.000,0.000,0.000,0.000,0.000,0.000,0.000,0.000,0.000,0.000,0.000,0.000,0.000,0.000,0.000,0.000,0.000,0.000,0.000,0.000,0.000,0.000,0.000,0.000,0,0,0,0,0,0,0,0,0,0.000,0,0,0,0,0,0,0,0,0,0,0,0,0,0,0,0,0,0,0,0,0,0,0,0,0.000,0.000,0.000,59,Tz9,Trapezius motoneurons of lamina 9,120,MN
0,0,0.000,0.000,0.000,0.000,0.000,0.000,0.000,0.000,0.000,0.000,0.000,0.000,0.000,0.000,0.000,0.000,0.000,0.000,0.000,0.000,0.000,0.000,0.000,0.000,0.000,0.000,0.000,0.000,0.000,0.000,0.000,0.000,0,0,0,0,0,0,0,0,0,0.000,0,0,0,0,0,0,0,0,0,0,0,0,0,0,0,0,0,0,0,0,0,0,0,0,0.000,0.000,0.000,60,TzSM9,Trapezius and sternomastoid motoneurons of lamina 9,120,MN
0,0,0.345,9.491,0.186,1.808,0.275,1.940,0.126,0.609,0.000,0.147,0.000,0.000,0.103,0.500,0.177,0.205,0.122,0.131,0.000,0.000,0.000,0.199,0.000,0.591,0.000,0.000,0.000,0.000,0.000,0.000,0.000,0.000,0,0,0,0,0,0,0,0,0,0.000,0,0,0,0,0,0,0,0,0,0,0,0,0,0,0,0,0,0,0,0,0,0,0,0,0.104,1.033,0.572,61,cu,Cuneate fasciculus,74,df
0,0,2.476,39.590,9.478,36.839,10.178,43.282,6.916,51.199,1.589,42.831,2.107,49.786,4.549,51.034,9.984,19.857,1.945,9.303,0.992,7.145,0.536,24.519,1.764,9.838,0.088,0.232,0.021,0.147,0.388,0.529,0.000,0.052,0,0,0,0,0,0,0,0,0,0.000,0,0,0,0,0,0,0,0,0,0,0,0,0,0,0,0,0,0,0,0,0,0,0,0,2.101,16.640,9.438,62,dcs,Dorsal corticospinal tract,74,df
0,0,6.611,18.631,2.648,3.592,1.134,1.587,0.464,0.413,0.000,0.000,0.000,0.000,0.000,0.000,0.139,0.077,0.000,0.000,0.000,0.000,0.000,0.000,0.000,0.000,0.000,0.000,0.000,0.000,0.000,0.000,0.000,0.000,0,0,0,0,0,0,0,0,0,0.000,0,0,0,0,0,0,0,0,0,0,0,0,0,0,0,0,0,0,0,0,0,0,0,0,0.234,0.536,0.384,63,gr,Gracile fasciculus,74,df
0,0,8.204,37.425,9.137,19.961,6.567,11.243,4.633,6.944,0.053,0.318,0.421,0.967,0.121,0.131,2.002,2.353,0.278,0.570,0.000,0.000,0.000,0.091,0.166,3.516,0.000,0.000,0.000,0.000,0.000,0.000,0.000,0.000,0,0,0,0,0,0,0,0,0,0.000,0,0,0,0,0,0,0,0,0,0,0,0,0,0,0,0,0,0,0,0,0,0,0,0,1.136,2.747,1.941,64,psdc,Postsynaptic dorsal column pathway,74,df
0,0,0.000,0.000,0.000,0.000,0.000,0.000,0.000,0.000,0.000,0.000,0.000,0.000,0.000,0.000,0.000,0.000,0.000,0.000,0.000,0.000,0.000,0.000,0.000,0.000,0.000,0.000,0.000,0.000,0.000,0.000,0.000,0.000,0,0,0,0,0,0,0,0,0,0.000,0,0,0,0,0,0,0,0,0,0,0,0,0,0,0,0,0,0,0,0,0,0,0,0,0.000,0.000,0.000,66,dl,Dorsolateral fasciculus (Lissauer),75,lfc
0,0,0.000,0.000,0.000,0.000,0.000,0.000,0.000,0.000,0.000,0.000,0.000,0.000,0.000,0.000,0.000,0.000,0.000,0.000,0.000,0.000,0.000,0.000,0.000,0.000,0.000,0.000,0.000,0.000,0.000,0.000,0.000,0.000,0,0,0,0,0,0,0,0,0,0.000,0,0,0,0,0,0,0,0,0,0,0,0,0,0,0,0,0,0,0,0,0,0,0,0,0.000,0.000,0.000,67,LatC,Lateral cervical nucleus,75,lfc
0,0,0.000,0.000,0.000,0.000,0.000,0.000,0.000,0.000,0.000,0.000,0.000,0.000,0.000,0.000,0.000,0.000,0.000,0.000,0.000,0.000,0.000,0.000,0.000,0.000,0.000,0.000,0.000,0.000,0.000,0.000,0.000,0.000,0,0,0,0,0,0,0,0,0,0.000,0,0,0,0,0,0,0,0,0,0,0,0,0,0,0,0,0,0,0,0,0,0,0,0,0.000,0.000,0.000,68,LSp,Lateral spinal nucleus,75,lfc
0,0,0.000,0.000,0.000,0.000,0.000,0.000,0.000,0.000,0.000,0.000,0.000,0.000,0.000,0.000,0.000,0.000,0.000,0.000,0.000,0.000,0.000,0.000,0.000,0.000,0.000,0.000,0.000,0.000,0.000,0.000,0.000,0.000,0,0,0,0,0,0,0,0,0,0.000,0,0,0,0,0,0,0,0,0,0,0,0,0,0,0,0,0,0,0,0,0,0,0,0,0.000,0.000,0.000,69,rs,Rubrospinal tract,75,lfc
0,0,0.000,0.000,0.000,0.000,0.000,0.000,0.000,0.000,0.000,0.000,0.000,0.000,0.000,0.000,0.000,0.000,0.000,0.000,0.000,0.000,0.000,0.000,0.000,0.000,0.000,0.000,0.000,0.000,0.000,0.000,0.000,0.000,0,0,0,0,0,0,0,0,0,0.000,0,0,0,0,0,0,0,0,0,0,0,0,0,0,0,0,0,0,0,0,0,0,0,0,0.000,0.000,0.000,70,vf,Ventral funiculus,130,WM
0,0,0.000,0.000,0.000,0.000,0.000,0.000,0.000,0.000,0.000,0.000,0.000,0.000,0.000,0.000,0.000,0.000,0.000,0.000,0.000,0.000,0.000,0.000,0.000,0.000,0.000,0.000,0.000,0.000,0.000,0.000,0.000,0.000,0,0,0,0,0,0,0,0,0,0.000,0,0,0,0,0,0,0,0,0,0,0,0,0,0,0,0,0,0,0,0,0,0,0,0,0.000,0.000,0.000,65,lf,Lateral funiculus,75,lfc
0,0,0.000,0.000,0.000,29.840,0.000,8.308,0.000,14.710,0.118,0.000,0.000,0.108,0.000,0.057,0.000,1.157,0.000,0.000,0.000,0.000,0.000,0.000,0.000,0.000,0.000,0.000,0.000,0.000,0.000,0.000,0.000,0.000,0,0,0,0,0,0,0,0,0,0.000,0,0,0,0,0,0,0,0,0,0,0,0,0,0,0,0,0,0,0,0,0,0,0,0,0.006,2.686,1.365,22,IMM,Intermediomedial column,110,VH
0,0,3.031,22.839,3.699,11.886,3.321,11.673,1.972,11.667,0.383,10.422,0.570,12.586,0.992,10.980,2.318,4.213,0.653,2.855,0.346,2.514,0.159,7.273,0.461,3.177,0.028,0.073,0.006,0.044,0.092,0.130,0.000,0.013,0,0,0,0,0,0,0,0,0,0.000,0,0,0,0,0,0,0,0,0,0,0,0,0,0,0,0,0,0,0,0,0,0,0,0,0.789,4.999,2.897,74,df,Dorsal funiculus,130,WM
0,0,0.000,0.000,0.000,0.000,0.000,0.000,0.000,0.000,0.000,0.000,0.000,0.000,0.000,0.000,0.000,0.000,0.000,0.000,0.000,0.000,0.000,0.000,0.000,0.000,0.000,0.000,0.000,0.000,0.000,0.000,0.000,0.000,0,0,0,0,0,0,0,0,0,0.000,0,0,0,0,0,0,0,0,0,0,0,0,0,0,0,0,0,0,0,0,0,0,0,0,0.000,0.000,0.000,75,lfc,Lateral funiculus complete,130,WM
0,0,0.000,5.051E-4,0.064,1.159,0.110,1.038,0.007,0.699,0.037,0.165,0.000,0.230,0.010,0.537,0.087,0.282,0.006,0.073,0.027,0.121,4.982E-4,0.198,0.003,0.109,0.080,0.374,0.006,0.177,0.068,0.048,0.005,0.000,0,0,0,0,0,0,0,0,0,0.011,0,0,0,0,0,0,0,0,0,0,0,0,0,0,0,0,0,0,0,0,0,0,0,0,0.015,0.182,0.099,71,GM,Gray Matter,250,SC
0,0,0.000,0.001,0.139,0.973,0.213,2.078,0.021,1.277,0.043,0.523,0.000,0.777,0.036,1.403,0.132,0.295,0.019,0.123,0.034,0.157,0.001,0.330,0.009,0.289,0.094,0.321,0.006,0.014,0.065,0.034,0.012,0.000,0,0,0,0,0,0,0,0,0,0.000,0,0,0,0,0,0,0,0,0,0,0,0,0,0,0,0,0,0,0,0,0,0,0,0,0.024,0.310,0.168,90,DH,Dorsal horn,71,GM
0,0,0.000,0.000,0.059,0.507,0.215,0.459,0.004,0.118,0.087,0.009,0.000,0.036,0.010,0.297,0.214,0.628,0.000,0.117,0.067,0.284,0.000,0.000,0.002,0.005,0.227,1.023,0.017,0.472,0.204,0.180,0.000,0.000,0,0,0,0,0,0,0,0,0,0.000,0,0,0,0,0,0,0,0,0,0,0,0,0,0,0,0,0,0,0,0,0,0,0,0,0.032,0.108,0.071,100,C,Central Spinal Cord,71,GM
0,0,0.000,0.000,0.000,0.619,0.000,0.167,0.000,0.225,0.002,0.000,0.000,0.001,0.000,8.034E-4,0.000,0.062,0.000,0.003,0.000,0.006,0.000,0.000,0.000,0.000,0.000,0.038,0.000,0.001,0.000,0.000,0.000,0.000,0,0,0,0,0,0,0,0,0,0.017,0,0,0,0,0,0,0,0,0,0,0,0,0,0,0,0,0,0,0,0,0,0,0,0,7.467E-5,0.035,0.018,110,VH,Ventral horn,71,GM
0,0,0.000,0.000,0.000,0.000,0.000,0.000,0.000,0.000,0.000,0.000,0.000,0.000,0.000,0.000,0.000,0.000,0.000,0.000,0.000,0.000,0.000,0.000,0.000,0.000,0.000,0.000,0.000,0.000,0.000,0.000,0.000,0.000,0,0,0,0,0,0,0,0,0,0.000,0,0,0,0,0,0,0,0,0,0,0,0,0,0,0,0,0,0,0,0,0,0,0,0,0.000,0.000,0.000,120,MN,Motor Neurons,110,VH
0,0,0.438,3.895,0.560,1.871,0.441,1.551,0.271,1.597,0.062,1.804,0.085,1.977,0.104,1.215,0.295,0.586,0.064,0.327,0.025,0.199,0.018,0.826,0.057,0.379,0.003,0.007,7.058E-4,0.005,0.008,0.011,0.000,0.001,0,0,0,0,0,0,0,0,0,0.000,0,0,0,0,0,0,0,0,0,0,0,0,0,0,0,0,0,0,0,0,0,0,0,0,0.090,0.573,0.332,130,WM,White matter,250,SC
0,0,0.000,0.000,0.000,0.000,0.000,0.000,0.000,0.000,0.000,0.000,0.000,0.000,0.000,0.000,0.000,0.000,0.000,0.000,0.000,0.000,0.000,0.000,0.000,0.000,0.000,0.000,0.000,0.000,0.000,0.000,0.000,0.000,0,0,0,0,0,0,0,0,0,0.000,0,0,0,0,0,0,0,0,0,0,0,0,0,0,0,0,0,0,0,0,0,0,0,0,0.000,0.000,0.000,201,Lamina_I,Lamina 1 Combined,90,DH
0,0,0.000,0.000,0.000,0.000,0.000,0.000,0.000,0.000,0.000,0.000,0.000,0.000,0.000,0.000,0.000,0.000,0.000,0.000,0.000,0.000,0.000,0.000,0.000,0.000,0.000,0.000,0.000,0.000,0.000,0.000,0.000,0.000,0,0,0,0,0,0,0,0,0,0.000,0,0,0,0,0,0,0,0,0,0,0,0,0,0,0,0,0,0,0,0,0,0,0,0,0.000,0.000,0.000,202,Lamina_II,Lamina 2 Combined,90,DH
0,0,0.000,0.000,0.000,0.000,0.000,0.000,0.000,0.000,0.000,0.000,0.000,0.000,0.000,0.000,0.000,0.000,0.000,0.000,0.000,0.000,0.000,0.000,0.000,0.000,0.000,0.000,0.000,0.000,0.000,0.000,0.000,0.000,0,0,0,0,0,0,0,0,0,0.000,0,0,0,0,0,0,0,0,0,0,0,0,0,0,0,0,0,0,0,0,0,0,0,0,0.000,0.000,0.000,203,Lamina_III,Lamina 3 Combined,90,DH
0,0,0.000,0.003,0.450,4.238,0.660,6.398,0.060,3.986,0.118,1.446,0.000,2.470,0.115,4.591,0.433,0.989,0.059,0.384,0.114,0.540,0.004,1.154,0.029,0.983,0.321,1.109,0.022,0.052,0.247,0.127,0.046,0.000,0,0,0,0,0,0,0,0,0,0.000,0,0,0,0,0,0,0,0,0,0,0,0,0,0,0,0,0,0,0,0,0,0,0,0,0.084,1.122,0.606,204,Lamina_IV,Lamina 4 Combined,90,DH
0,0,0.000,0.000,0.000,1.271,0.009,1.107,0.000,0.866,0.000,0.000,0.000,0.144,0.000,0.551,0.000,0.017,0.000,0.000,0.000,0.011,0.000,0.267,0.000,0.013,0.000,0.202,0.003,0.495,0.023,0.004,0.000,0.000,0,0,0,0,0,0,0,0,0,0.000,0,0,0,0,0,0,0,0,0,0,0,0,0,0,0,0,0,0,0,0,0,0,0,0,9.155E-4,0.189,0.096,205,Lamina_V,Lamina 5 Combined,90,DH
0,0,0.000,0.000,0.000,0.000,0.000,0.000,0.000,0.508,0.000,0.000,0.000,0.000,0.000,0.004,0.035,0.518,0.000,0.000,0.000,0.000,0.000,0.000,0.000,0.000,0.000,0.000,0.000,0.000,0.000,0.000,0.000,0.000,0,0,0,0,0,0,0,0,0,0.000,0,0,0,0,0,0,0,0,0,0,0,0,0,0,0,0,0,0,0,0,0,0,0,0,0.002,0.086,0.043,206,Lamina_VI,Lamina 6 Combined,90,DH
0,0,0.000,0.000,0.000,0.009,0.000,0.000,0.000,0.000,0.000,0.000,0.000,0.000,0.000,0.000,0.000,0.106,0.000,0.006,0.000,0.008,0.000,0.000,0.000,0.000,0.000,0.058,0.000,0.002,0.000,0.000,0.000,0.000,0,0,0,0,0,0,0,0,0,0.034,0,0,0,0,0,0,0,0,0,0,0,0,0,0,0,0,0,0,0,0,0,0,0,0,0.000,0.007,0.003,207,Lamina_VII,Lamina 7 Combined,90,DH
0,0,0.000,0.000,0.000,0.000,0.000,0.000,0.000,0.000,0.000,0.000,0.000,0.000,0.000,0.000,0.000,0.000,0.000,0.000,0.000,0.000,0.000,0.000,0.000,0.000,0.000,0.000,0.000,0.000,0.000,0.000,0.000,0.000,0,0,0,0,0,0,0,0,0,0.000,0,0,0,0,0,0,0,0,0,0,0,0,0,0,0,0,0,0,0,0,0,0,0,0,0.000,0.000,0.000,208,Lamina_VIII,Lamina 8 Combined,90,DH
0,0,0.000,0.000,0.000,0.000,0.000,0.000,0.000,0.000,0.000,0.000,0.000,0.000,0.000,0.000,0.000,0.000,0.000,0.000,0.000,0.000,0.000,0.000,0.000,0.000,0.000,0.000,0.000,0.000,0.000,0.000,0.000,0.000,0,0,0,0,0,0,0,0,0,0.000,0,0,0,0,0,0,0,0,0,0,0,0,0,0,0,0,0,0,0,0,0,0,0,0,0.000,0.000,0.000,209,Lamina_IX,Lamina 9 Combined,90,DH
0,0,0.000,0.000,0.228,1.843,0.914,1.741,0.024,0.665,0.796,0.067,0.000,0.145,0.047,1.161,1.696,4.001,0.000,0.454,0.220,0.884,0.000,0.000,0.010,0.021,0.600,2.746,0.040,1.140,0.676,0.622,0.000,0.000,0,0,0,0,0,0,0,0,0,0.000,0,0,0,0,0,0,0,0,0,0,0,0,0,0,0,0,0,0,0,0,0,0,0,0,0.165,0.573,0.369,210,Lamina_X,Lamina 10 Combined,90,DH
0,0,0.000,0.000,0.000,0.000,0.000,0.000,0.000,0.000,0.000,0.000,0.000,0.000,0.000,0.000,0.000,0.000,0.000,0.000,0.000,0.000,0.000,0.000,0.000,0.000,0.000,0.000,0.000,0.000,0.000,0.000,0.000,0.000,0,0,0,0,0,0,0,0,0,0.000,0,0,0,0,0,0,0,0,0,0,0,0,0,0,0,0,0,0,0,0,0,0,0,0,0.000,0.000,0.000,211,WMn,White matter nuclei,130,WM
0,0,0.000,0.000,0.000,5.722,0.000,4.298,0.000,3.092,0.066,0.080,0.000,0.108,0.000,0.057,0.000,0.266,0.000,0.008,0.000,0.020,0.000,0.593,0.000,0.022,0.000,0.297,0.006,0.963,0.037,0.006,0.000,0.000,0,0,0,0,0,0,0,0,0,0.000,0,0,0,0,0,0,0,0,0,0,0,0,0,0,0,0,0,0,0,0,0,0,0,0,0.002,0.422,0.218,212,GMn,Gray matter nuclei,71,GM
0,0,0.000,0.000,0.000,0.000,0.000,0.000,0.000,0.000,0.000,0.000,0.000,0.000,0.000,0.000,0.000,0.000,0.000,0.000,0.000,0.000,0.000,0.000,0.000,0.000,0.000,0.000,0.000,0.000,0.000,0.000,0.000,0.000,0,0,0,0,0,0,0,0,0,0.000,0,0,0,0,0,0,0,0,0,0,0,0,0,0,0,0,0,0,0,0,0,0,0,0,0.000,0.000,0.000,213,SAC,Spinal accessory column,90,DH
0,0,0.000,0.000,0.000,0.000,0.000,0.000,0.000,0.000,0.000,0.000,0.000,0.000,0.000,0.000,0.000,0.000,0.000,0.000,0.000,0.000,0.000,0.000,0.000,0.000,0.000,0.000,0.000,0.000,0.000,0.000,0.000,0.000,0,0,0,0,0,0,0,0,0,0.000,0,0,0,0,0,0,0,0,0,0,0,0,0,0,0,0,0,0,0,0,0,0,0,0,0.000,0.000,0.000,214,PMC,Phrenic motor column,90,DH
0,0,0.000,0.000,0.000,0.000,0.000,0.000,0.000,0.000,0.000,0.000,0.000,0.000,0.000,0.000,0.000,0.000,0.000,0.000,0.000,0.000,0.000,0.000,0.000,0.000,0.000,0.000,0.000,0.000,0.000,0.000,0.000,0.000,0,0,0,0,0,0,0,0,0,0.000,0,0,0,0,0,0,0,0,0,0,0,0,0,0,0,0,0,0,0,0,0,0,0,0,0.000,0.000,0.000,215,HMC,Hypaxial motor column,90,DH
0,0,0.000,0.000,0.000,0.000,0.000,0.000,0.000,0.000,0.000,0.000,0.000,0.000,0.000,0.000,0.000,0.000,0.000,0.000,0.000,0.000,0.000,0.000,0.000,0.000,0.000,0.000,0.000,0.000,0.000,0.000,0.000,0.000,0,0,0,0,0,0,0,0,0,0.000,0,0,0,0,0,0,0,0,0,0,0,0,0,0,0,0,0,0,0,0,0,0,0,0,0.000,0.000,0.000,216,LMC,Lateral motor column,90,DH
0,0,0.000,0.000,0.000,0.000,0.000,0.000,0.000,0.000,0.000,0.000,0.000,0.000,0.000,0.000,0.000,0.000,0.000,0.000,0.000,0.000,0.000,0.000,0.000,0.000,0.000,0.000,0.000,0.000,0.000,0.000,0.000,0.000,0,0,0,0,0,0,0,0,0,0.000,0,0,0,0,0,0,0,0,0,0,0,0,0,0,0,0,0,0,0,0,0,0,0,0,0.000,0.000,0.000,217,MMC,Median motor column,90,DH
0,0,0.000,0.000,0.000,0.000,0.000,0.000,0.000,0.000,0.000,0.000,0.000,0.000,0.000,0.000,0.000,0.000,0.000,0.011,0.000,0.000,0.000,0.000,0.000,0.000,0.000,0.000,0.000,0.000,0.000,0.000,0.000,0.000,0,0,0,0,0,0,0,0,0,0.000,0,0,0,0,0,0,0,0,0,0,0,0,0,0,0,0,0,0,0,0,0,0,0,0,0.000,0.002,9.267E-4,218,PGC,Preganglionic motor colum,90,DH
0,0,0.231,2.025,0.338,1.423,0.296,1.295,0.162,1.167,0.049,0.979,0.043,1.107,0.061,0.911,0.211,0.456,0.042,0.219,0.025,0.167,0.011,0.587,0.035,0.272,0.035,0.153,0.003,0.075,0.032,0.026,0.002,6.219E-4,0,0,0,0,0,0,0,0,0,0.006,0,0,0,0,0,0,0,0,0,0,0,0,0,0,0,0,0,0,0,0,0,0,0,0,0.056,0.384,0.221,250,SC,Whole SC,0,CNS
